{
    "pickup_clusters": [
        [
            40.71915054133639,
            -74.0029966036844
        ],
        [
            40.77300760781126,
            -73.95548178074668
        ],
        [
            40.65097606376103,
            -73.784387321567
        ],
        [
            40.74195519925452,
            -73.99122615902608
        ],
        [
            40.672869501312725,
            -73.97699508369975
        ],
        [
            40.76613748724741,
            -73.86981328140727
        ],
        [
            40.71930979722039,
            -73.94049829906683
        ],
        [
            40.76107775379889,
            -73.9794075002165
        ],
        [
            40.794641515015535,
            -73.9646251420273
        ],
        [
            40.84325597564624,
            -73.92506741446816
        ]
    ],
    "dropoff_clusters": [
        [
            40.71915054133639,
            -74.0029966036844
        ],
        [
            40.77300760781126,
            -73.95548178074668
        ],
        [
            40.65097606376103,
            -73.784387321567
        ],
        [
            40.74195519925452,
            -73.99122615902608
        ],
        [
            40.672869501312725,
            -73.97699508369975
        ],
        [
            40.76613748724741,
            -73.86981328140727
        ],
        [
            40.71930979722039,
            -73.94049829906683
        ],
        [
            40.76107775379889,
            -73.9794075002165
        ],
        [
            40.794641515015535,
            -73.9646251420273
        ],
        [
            40.84325597564624,
            -73.92506741446816
        ]
    ]
}