{
    "pickup_clusters": [
        [
            40.712584223956,
            -73.99494070586509
        ],
        [
            40.76458624494709,
            -73.87699052727912
        ],
        [
            40.79285681721363,
            -73.95391360756365
        ],
        [
            40.76640560775985,
            -73.9715164651916
        ],
        [
            40.651514841924914,
            -73.78525769699498
        ],
        [
            40.74585022332249,
            -73.98994659096626
        ]
    ],
    "dropoff_clusters": [
        [
            40.712584223956,
            -73.99494070586509
        ],
        [
            40.76458624494709,
            -73.87699052727912
        ],
        [
            40.79285681721363,
            -73.95391360756365
        ],
        [
            40.76640560775985,
            -73.9715164651916
        ],
        [
            40.651514841924914,
            -73.78525769699498
        ],
        [
            40.74585022332249,
            -73.98994659096626
        ]
    ]
}